﻿<?xml version="1.0" encoding="utf-8"?>
<extension version="2.5" type="plugin" group="system">
  <name>System - Freestyle CRON Plugin</name>
  <creationDate>2015 03 30</creationDate>
  <authorEmail>support@freestyle-joomla.com</authorEmail>
  <authorUrl>http://www.freestyle-joomla.com</authorUrl>
  <author>Freestyle Joomla</author>
  <copyright>Copyright Freestyle Joomla 2010</copyright>
  <license>GNU/GPLv3 http://www.gnu.org/licenses/gpl-3.0.html</license>
  <version>2.3.3.1987</version>
  <description>System - Freestyle CRON Plugin</description>
  <files>
    <filename plugin="fss_cron">fss_cron.php</filename>
  </files>
  <params>
  </params>
</extension>
