<?xml version="1.0" encoding="UTF-8" ?>
<extension type="package" version="2.5.0">
	 <name>Membership Pro Package</name>
	  <packagename>osmembership</packagename>
	  <creationDate>September 2012</creationDate>
	  <author>Tuan Pham Ngoc</author>
	  <authorEmail>contact@joomdonation.com</authorEmail>
	  <authorUrl>http://www.joomdonation.com</authorUrl>
	  <copyright>Copyright (C) 2012 - 2014 Ossolution Team</copyright>
	  <license>http://www.gnu.org/licenses/gpl-2.0.html GNU/GPL</license>
	  <version>1.6.8</version>
	  <description>Membership Pro give you an quick and easy way to sell memberships and give subscribers access to resources on your site</description>
	 <files folder="packages">	   
	   <file type="module" id="osmembership" client="site">mod_membershipplans.zip</file>	   
	   <file type="plugin" id="osmembership" group="content">plug_content_membershipplans.zip</file>
	   <file type="plugin" id="osmembership" group="content">plug_content_mprestriction.zip</file>	   
	   <file type="plugin" id="osmembership" group="osmembership">plug_osmembership_account.zip</file>
	   <file type="plugin" id="osmembership" group="osmembership">plug_osmembership_acymailing.zip</file>   
	   <file type="plugin" id="osmembership" group="osmembership">plug_osmembership_articles.zip</file>
	   <file type="plugin" id="osmembership" group="osmembership">plug_osmembership_cb.zip</file>
	   <file type="plugin" id="osmembership" group="osmembership">plug_osmembership_docman.zip</file>
	   <file type="plugin" id="osmembership" group="osmembership">plug_osmembership_invoice.zip</file>
	   <file type="plugin" id="osmembership" group="osmembership">plug_osmembership_jomsocial.zip</file>	   
	   <file type="plugin" id="osmembership" group="osmembership">plug_osmembership_joomlagroups.zip</file>
	   <file type="plugin" id="osmembership" group="osmembership">plug_osmembership_k2.zip</file>
	   <file type="plugin" id="osmembership" group="osmembership">plug_osmembership_mailchimp.zip</file>
	   <file type="plugin" id="osmembership" group="osmembership">plug_osmembership_membershipid.zip</file>
	   <file type="plugin" id="osmembership" group="osmembership">plug_osmembership_urls.zip</file>
	   <file type="plugin" id="osmembership" group="osmembership">plug_osmembership_user.zip</file>
	   <file type="plugin" id="osmembership" group="osmembership">plug_osmembership_userprofile.zip</file>
	   <file type="plugin" id="osmembership" group="system">plug_system_osmembershiparticles.zip</file>
	   <file type="plugin" id="osmembership" group="system">plug_system_osmembershipcleaner.zip</file>
	   <file type="plugin" id="osmembership" group="system">plug_system_osmembershipk2.zip</file>
	   <file type="plugin" id="osmembership" group="system">plug_system_osmembershipreminder.zip</file>	   
	   <file type="plugin" id="osmembership" group="system">plug_system_osmembershipupdatestatus.zip</file>
	   <file type="plugin" id="osmembership" group="system">plug_system_osmembershipurls.zip</file>
	   <file type="plugin" id="osmembership" group="system">plug_system_registrationredirect.zip</file>	   	   	   
	   <file type="component" id="osmembership">com_osmembership.zip</file>
	 </files>
 </extension>